track_id,class_name,first_frame,last_frame,track_length_frames,average_confidence,minimum_confidence,maximum_confidence,track_duration_seconds
1,car,1,998,998,0.8562215364767698,0.4447446763515472,0.9296931028366088,34.41379310344828
2,car,1,998,998,0.7553590288859808,0.2641355693340301,0.886031448841095,34.41379310344828
3,car,1,998,998,0.7956385386133481,0.6050834655761719,0.8608960509300232,34.41379310344828
4,person,1,229,229,0.7439875885128454,0.2998509407043457,0.8318349719047546,7.896551724137931
5,person,1,612,612,0.7875969468865519,0.3698460161685943,0.8854245543479919,21.103448275862068
6,car,3,27,24,0.3337508787711461,0.2610557973384857,0.3749730587005615,0.8275862068965517
7,person,18,244,227,0.7499327276246663,0.4260581731796264,0.8381752371788025,7.827586206896552
8,person,36,700,665,0.7730311192067942,0.4117684662342071,0.8865971565246582,22.93103448275862
9,person,70,712,643,0.805045473538513,0.603916347026825,0.8789540529251099,22.17241379310345
10,car,78,123,33,0.3662238391962918,0.2787245512008667,0.4281556010246277,1.1379310344827587
11,person,110,143,34,0.5890134038294063,0.4396210610866546,0.7129912972450256,1.1724137931034482
12,person,123,180,54,0.5690353319600776,0.2861364185810089,0.7716037034988403,1.8620689655172413
13,person,145,849,705,0.7303553960847516,0.4081379473209381,0.8832343816757202,24.310344827586206
14,person,162,779,613,0.7044931691486334,0.3148495554924011,0.8414545059204102,21.137931034482758
15,person,188,998,811,0.7190545463312128,0.3595701158046722,0.8440021872520447,27.96551724137931
16,person,190,191,2,0.37920330464839935,0.3732146918773651,0.3851919174194336,0.06896551724137931
17,person,194,880,662,0.7383054331890406,0.2607745230197906,0.8958831429481506,22.82758620689655
18,person,208,267,58,0.443738956389756,0.2796300053596496,0.6469023823738098,2.0
19,person,223,230,8,0.48660872876644135,0.3682063519954681,0.5438036322593689,0.27586206896551724
20,person,233,805,572,0.6822670146406113,0.3362497389316559,0.8404485583305359,19.724137931034484
21,person,237,684,447,0.7600546988598186,0.2671167254447937,0.8735038638114929,15.413793103448276
22,person,254,756,495,0.7167445616288619,0.2736998796463012,0.8825570940971375,17.06896551724138
23,person,271,272,2,0.39051519334316254,0.3368355333805084,0.4441948533058166,0.06896551724137931
24,person,273,998,726,0.775830167343137,0.4266424477100372,0.904337465763092,25.03448275862069
25,person,278,279,2,0.31225593388080597,0.267623633146286,0.3568882346153259,0.06896551724137931
26,person,309,486,177,0.6085028655111453,0.3066840767860412,0.7679724097251892,6.103448275862069
27,car,329,421,50,0.2942155939340591,0.2511950433254242,0.3425723910331726,1.7241379310344827
28,person,330,528,197,0.598180779043188,0.3663994371891022,0.7761222720146179,6.793103448275862
29,person,413,806,392,0.7274899388454399,0.3846814334392547,0.8532814383506775,13.517241379310345
30,person,502,917,415,0.7116456987628017,0.3730045258998871,0.9034258723258972,14.310344827586206
31,person,542,544,3,0.3433803021907806,0.304675281047821,0.4018316268920898,0.10344827586206896
32,person,569,580,12,0.33990759154160816,0.2731232643127441,0.3990422785282135,0.41379310344827586
33,person,582,642,60,0.5979303648074468,0.2890853583812713,0.7252457737922668,2.0689655172413794
34,person,642,817,173,0.5851126519930845,0.2801089882850647,0.8013033866882324,5.9655172413793105
35,person,782,796,13,0.5049042976819552,0.3921774327754974,0.6020994782447815,0.4482758620689655
36,person,798,812,15,0.5412601312001546,0.4504353106021881,0.6603182554244995,0.5172413793103449
37,person,820,998,177,0.7516835810100965,0.3287456333637237,0.8465017676353455,6.103448275862069
