frame_number,active_tracks,tracking_records,timestamp_seconds
1,5,5,0.0
2,5,5,0.034483
3,6,6,0.068966
4,6,6,0.103448
5,6,6,0.137931
6,6,6,0.172414
7,6,6,0.206897
8,6,6,0.241379
9,6,6,0.275862
10,6,6,0.310345
11,6,6,0.344828
12,6,6,0.37931
13,6,6,0.413793
14,6,6,0.448276
15,6,6,0.482759
16,6,6,0.517241
17,6,6,0.551724
18,7,7,0.586207
19,7,7,0.62069
20,7,7,0.655172
21,7,7,0.689655
22,7,7,0.724138
23,7,7,0.758621
24,7,7,0.793103
25,7,7,0.827586
26,6,6,0.862069
27,7,7,0.896552
28,6,6,0.931034
29,6,6,0.965517
30,6,6,1.0
31,6,6,1.034483
32,6,6,1.068966
33,6,6,1.103448
34,6,6,1.137931
35,6,6,1.172414
36,7,7,1.206897
37,7,7,1.241379
38,7,7,1.275862
39,7,7,1.310345
40,7,7,1.344828
41,7,7,1.37931
42,7,7,1.413793
43,7,7,1.448276
44,7,7,1.482759
45,7,7,1.517241
46,7,7,1.551724
47,7,7,1.586207
48,7,7,1.62069
49,7,7,1.655172
50,7,7,1.689655
51,7,7,1.724138
52,7,7,1.758621
53,7,7,1.793103
54,7,7,1.827586
55,7,7,1.862069
56,7,7,1.896552
57,7,7,1.931034
58,7,7,1.965517
59,7,7,2.0
60,7,7,2.034483
61,7,7,2.068966
62,7,7,2.103448
63,7,7,2.137931
64,7,7,2.172414
65,7,7,2.206897
66,7,7,2.241379
67,7,7,2.275862
68,7,7,2.310345
69,7,7,2.344828
70,8,8,2.37931
71,8,8,2.413793
72,8,8,2.448276
73,8,8,2.482759
74,8,8,2.517241
75,8,8,2.551724
76,8,8,2.586207
77,8,8,2.62069
78,9,9,2.655172
79,9,9,2.689655
80,9,9,2.724138
81,9,9,2.758621
82,9,9,2.793103
83,9,9,2.827586
84,9,9,2.862069
85,9,9,2.896552
86,9,9,2.931034
87,9,9,2.965517
88,9,9,3.0
89,9,9,3.034483
90,8,8,3.068966
91,8,8,3.103448
92,8,8,3.137931
93,9,9,3.172414
94,9,9,3.206897
95,9,9,3.241379
96,9,9,3.275862
97,9,9,3.310345
98,9,9,3.344828
99,9,9,3.37931
100,9,9,3.413793
101,9,9,3.448276
102,9,9,3.482759
103,8,8,3.517241
104,8,8,3.551724
105,8,8,3.586207
106,8,8,3.62069
107,8,8,3.655172
108,8,8,3.689655
109,8,8,3.724138
110,9,9,3.758621
111,9,9,3.793103
112,10,10,3.827586
113,10,10,3.862069
114,10,10,3.896552
115,10,10,3.931034
116,10,10,3.965517
117,10,10,4.0
118,10,10,4.034483
119,10,10,4.068966
120,10,10,4.103448
121,10,10,4.137931
122,9,9,4.172414
123,11,11,4.206897
124,10,10,4.241379
125,10,10,4.275862
126,10,10,4.310345
127,10,10,4.344828
128,10,10,4.37931
129,10,10,4.413793
130,10,10,4.448276
131,10,10,4.482759
132,10,10,4.517241
133,10,10,4.551724
134,10,10,4.586207
135,10,10,4.62069
136,10,10,4.655172
137,10,10,4.689655
138,10,10,4.724138
139,10,10,4.758621
140,10,10,4.793103
141,10,10,4.827586
142,10,10,4.862069
143,10,10,4.896552
144,9,9,4.931034
145,10,10,4.965517
146,10,10,5.0
147,10,10,5.034483
148,10,10,5.068966
149,10,10,5.103448
150,10,10,5.137931
151,10,10,5.172414
152,10,10,5.206897
153,10,10,5.241379
154,10,10,5.275862
155,10,10,5.310345
156,10,10,5.344828
157,10,10,5.37931
158,10,10,5.413793
159,10,10,5.448276
160,10,10,5.482759
161,10,10,5.517241
162,11,11,5.551724
163,11,11,5.586207
164,11,11,5.62069
165,11,11,5.655172
166,11,11,5.689655
167,11,11,5.724138
168,11,11,5.758621
169,11,11,5.793103
170,11,11,5.827586
171,10,10,5.862069
172,10,10,5.896552
173,10,10,5.931034
174,10,10,5.965517
175,11,11,6.0
176,11,11,6.034483
177,11,11,6.068966
178,11,11,6.103448
179,11,11,6.137931
180,11,11,6.172414
181,10,10,6.206897
182,10,10,6.241379
183,10,10,6.275862
184,10,10,6.310345
185,10,10,6.344828
186,10,10,6.37931
187,10,10,6.413793
188,11,11,6.448276
189,11,11,6.482759
190,12,12,6.517241
191,12,12,6.551724
192,11,11,6.586207
193,11,11,6.62069
194,12,12,6.655172
195,12,12,6.689655
196,12,12,6.724138
197,12,12,6.758621
198,12,12,6.793103
199,12,12,6.827586
200,12,12,6.862069
201,12,12,6.896552
202,12,12,6.931034
203,12,12,6.965517
204,12,12,7.0
205,12,12,7.034483
206,11,11,7.068966
207,11,11,7.103448
208,12,12,7.137931
209,12,12,7.172414
210,12,12,7.206897
211,12,12,7.241379
212,12,12,7.275862
213,12,12,7.310345
214,11,11,7.344828
215,11,11,7.37931
216,12,12,7.413793
217,12,12,7.448276
218,12,12,7.482759
219,12,12,7.517241
220,12,12,7.551724
221,12,12,7.586207
222,12,12,7.62069
223,13,13,7.655172
224,14,14,7.689655
225,14,14,7.724138
226,13,13,7.758621
227,14,14,7.793103
228,14,14,7.827586
229,14,14,7.862069
230,12,12,7.896552
231,11,11,7.931034
232,11,11,7.965517
233,12,12,8.0
234,12,12,8.034483
235,12,12,8.068966
236,13,13,8.103448
237,14,14,8.137931
238,14,14,8.172414
239,14,14,8.206897
240,14,14,8.241379
241,14,14,8.275862
242,14,14,8.310345
243,13,13,8.344828
244,14,14,8.37931
245,13,13,8.413793
246,13,13,8.448276
247,13,13,8.482759
248,13,13,8.517241
249,13,13,8.551724
250,13,13,8.586207
251,13,13,8.62069
252,13,13,8.655172
253,13,13,8.689655
254,14,14,8.724138
255,14,14,8.758621
256,14,14,8.793103
257,13,13,8.827586
258,14,14,8.862069
259,14,14,8.896552
260,14,14,8.931034
261,14,14,8.965517
262,14,14,9.0
263,13,13,9.034483
264,13,13,9.068966
265,14,14,9.103448
266,14,14,9.137931
267,14,14,9.172414
268,13,13,9.206897
269,13,13,9.241379
270,12,12,9.275862
271,13,13,9.310345
272,13,13,9.344828
273,13,13,9.37931
274,14,14,9.413793
275,14,14,9.448276
276,14,14,9.482759
277,14,14,9.517241
278,15,15,9.551724
279,15,15,9.586207
280,14,14,9.62069
281,14,14,9.655172
282,14,14,9.689655
283,14,14,9.724138
284,14,14,9.758621
285,14,14,9.793103
286,14,14,9.827586
287,14,14,9.862069
288,14,14,9.896552
289,14,14,9.931034
290,14,14,9.965517
291,14,14,10.0
292,14,14,10.034483
293,14,14,10.068966
294,14,14,10.103448
295,14,14,10.137931
296,14,14,10.172414
297,14,14,10.206897
298,14,14,10.241379
299,14,14,10.275862
300,14,14,10.310345
301,14,14,10.344828
302,14,14,10.37931
303,14,14,10.413793
304,14,14,10.448276
305,14,14,10.482759
306,14,14,10.517241
307,14,14,10.551724
308,14,14,10.586207
309,15,15,10.62069
310,15,15,10.655172
311,15,15,10.689655
312,14,14,10.724138
313,14,14,10.758621
314,14,14,10.793103
315,15,15,10.827586
316,15,15,10.862069
317,15,15,10.896552
318,15,15,10.931034
319,15,15,10.965517
320,15,15,11.0
321,15,15,11.034483
322,15,15,11.068966
323,15,15,11.103448
324,15,15,11.137931
325,15,15,11.172414
326,15,15,11.206897
327,15,15,11.241379
328,15,15,11.275862
329,16,16,11.310345
330,17,17,11.344828
331,16,16,11.37931
332,16,16,11.413793
333,17,17,11.448276
334,17,17,11.482759
335,17,17,11.517241
336,17,17,11.551724
337,17,17,11.586207
338,16,16,11.62069
339,16,16,11.655172
340,16,16,11.689655
341,16,16,11.724138
342,16,16,11.758621
343,16,16,11.793103
344,16,16,11.827586
345,16,16,11.862069
346,16,16,11.896552
347,16,16,11.931034
348,17,17,11.965517
349,17,17,12.0
350,17,17,12.034483
351,17,17,12.068966
352,17,17,12.103448
353,17,17,12.137931
354,16,16,12.172414
355,16,16,12.206897
356,16,16,12.241379
357,16,16,12.275862
358,17,17,12.310345
359,17,17,12.344828
360,16,16,12.37931
361,16,16,12.413793
362,17,17,12.448276
363,16,16,12.482759
364,16,16,12.517241
365,16,16,12.551724
366,17,17,12.586207
367,16,16,12.62069
368,16,16,12.655172
369,16,16,12.689655
370,16,16,12.724138
371,16,16,12.758621
372,16,16,12.793103
373,16,16,12.827586
374,16,16,12.862069
375,16,16,12.896552
376,16,16,12.931034
377,16,16,12.965517
378,16,16,13.0
379,16,16,13.034483
380,16,16,13.068966
381,16,16,13.103448
382,16,16,13.137931
383,16,16,13.172414
384,16,16,13.206897
385,16,16,13.241379
386,16,16,13.275862
387,16,16,13.310345
388,16,16,13.344828
389,17,17,13.37931
390,17,17,13.413793
391,17,17,13.448276
392,17,17,13.482759
393,17,17,13.517241
394,17,17,13.551724
395,17,17,13.586207
396,17,17,13.62069
397,17,17,13.655172
398,17,17,13.689655
399,17,17,13.724138
400,17,17,13.758621
401,17,17,13.793103
402,17,17,13.827586
403,16,16,13.862069
404,17,17,13.896552
405,17,17,13.931034
406,17,17,13.965517
407,17,17,14.0
408,17,17,14.034483
409,17,17,14.068966
410,17,17,14.103448
411,17,17,14.137931
412,17,17,14.172414
413,18,18,14.206897
414,18,18,14.241379
415,18,18,14.275862
416,17,17,14.310345
417,18,18,14.344828
418,18,18,14.37931
419,18,18,14.413793
420,18,18,14.448276
421,18,18,14.482759
422,17,17,14.517241
423,17,17,14.551724
424,17,17,14.586207
425,17,17,14.62069
426,17,17,14.655172
427,17,17,14.689655
428,17,17,14.724138
429,17,17,14.758621
430,17,17,14.793103
431,17,17,14.827586
432,17,17,14.862069
433,17,17,14.896552
434,17,17,14.931034
435,17,17,14.965517
436,17,17,15.0
437,17,17,15.034483
438,17,17,15.068966
439,17,17,15.103448
440,17,17,15.137931
441,17,17,15.172414
442,17,17,15.206897
443,17,17,15.241379
444,17,17,15.275862
445,17,17,15.310345
446,17,17,15.344828
447,17,17,15.37931
448,17,17,15.413793
449,17,17,15.448276
450,17,17,15.482759
451,17,17,15.517241
452,17,17,15.551724
453,17,17,15.586207
454,17,17,15.62069
455,17,17,15.655172
456,17,17,15.689655
457,17,17,15.724138
458,17,17,15.758621
459,17,17,15.793103
460,17,17,15.827586
461,17,17,15.862069
462,17,17,15.896552
463,17,17,15.931034
464,17,17,15.965517
465,17,17,16.0
466,17,17,16.034483
467,17,17,16.068966
468,17,17,16.103448
469,17,17,16.137931
470,17,17,16.172414
471,17,17,16.206897
472,17,17,16.241379
473,17,17,16.275862
474,17,17,16.310345
475,17,17,16.344828
476,17,17,16.37931
477,17,17,16.413793
478,17,17,16.448276
479,17,17,16.482759
480,17,17,16.517241
481,17,17,16.551724
482,17,17,16.586207
483,16,16,16.62069
484,17,17,16.655172
485,17,17,16.689655
486,17,17,16.724138
487,16,16,16.758621
488,16,16,16.793103
489,16,16,16.827586
490,16,16,16.862069
491,16,16,16.896552
492,16,16,16.931034
493,16,16,16.965517
494,16,16,17.0
495,16,16,17.034483
496,16,16,17.068966
497,16,16,17.103448
498,16,16,17.137931
499,16,16,17.172414
500,16,16,17.206897
501,16,16,17.241379
502,17,17,17.275862
503,17,17,17.310345
504,17,17,17.344828
505,17,17,17.37931
506,17,17,17.413793
507,17,17,17.448276
508,17,17,17.482759
509,17,17,17.517241
510,17,17,17.551724
511,17,17,17.586207
512,17,17,17.62069
513,17,17,17.655172
514,17,17,17.689655
515,17,17,17.724138
516,17,17,17.758621
517,17,17,17.793103
518,17,17,17.827586
519,17,17,17.862069
520,17,17,17.896552
521,17,17,17.931034
522,17,17,17.965517
523,17,17,18.0
524,17,17,18.034483
525,17,17,18.068966
526,17,17,18.103448
527,17,17,18.137931
528,17,17,18.172414
529,16,16,18.206897
530,16,16,18.241379
531,16,16,18.275862
532,16,16,18.310345
533,16,16,18.344828
534,16,16,18.37931
535,16,16,18.413793
536,16,16,18.448276
537,16,16,18.482759
538,16,16,18.517241
539,16,16,18.551724
540,16,16,18.586207
541,16,16,18.62069
542,17,17,18.655172
543,17,17,18.689655
544,17,17,18.724138
545,16,16,18.758621
546,16,16,18.793103
547,16,16,18.827586
548,16,16,18.862069
549,16,16,18.896552
550,16,16,18.931034
551,16,16,18.965517
552,16,16,19.0
553,16,16,19.034483
554,16,16,19.068966
555,16,16,19.103448
556,16,16,19.137931
557,16,16,19.172414
558,16,16,19.206897
559,16,16,19.241379
560,16,16,19.275862
561,16,16,19.310345
562,16,16,19.344828
563,16,16,19.37931
564,16,16,19.413793
565,16,16,19.448276
566,16,16,19.482759
567,16,16,19.517241
568,16,16,19.551724
569,17,17,19.586207
570,17,17,19.62069
571,17,17,19.655172
572,17,17,19.689655
573,17,17,19.724138
574,17,17,19.758621
575,17,17,19.793103
576,17,17,19.827586
577,17,17,19.862069
578,17,17,19.896552
579,17,17,19.931034
580,17,17,19.965517
581,16,16,20.0
582,17,17,20.034483
583,17,17,20.068966
584,17,17,20.103448
585,17,17,20.137931
586,17,17,20.172414
587,17,17,20.206897
588,17,17,20.241379
589,17,17,20.275862
590,17,17,20.310345
591,17,17,20.344828
592,17,17,20.37931
593,17,17,20.413793
594,17,17,20.448276
595,17,17,20.482759
596,17,17,20.517241
597,17,17,20.551724
598,17,17,20.586207
599,17,17,20.62069
600,17,17,20.655172
601,17,17,20.689655
602,17,17,20.724138
603,17,17,20.758621
604,17,17,20.793103
605,17,17,20.827586
606,17,17,20.862069
607,17,17,20.896552
608,17,17,20.931034
609,17,17,20.965517
610,17,17,21.0
611,17,17,21.034483
612,17,17,21.068966
613,16,16,21.103448
614,16,16,21.137931
615,16,16,21.172414
616,16,16,21.206897
617,16,16,21.241379
618,16,16,21.275862
619,16,16,21.310345
620,16,16,21.344828
621,16,16,21.37931
622,16,16,21.413793
623,16,16,21.448276
624,16,16,21.482759
625,16,16,21.517241
626,16,16,21.551724
627,16,16,21.586207
628,16,16,21.62069
629,16,16,21.655172
630,16,16,21.689655
631,16,16,21.724138
632,16,16,21.758621
633,16,16,21.793103
634,16,16,21.827586
635,16,16,21.862069
636,16,16,21.896552
637,15,15,21.931034
638,16,16,21.965517
639,16,16,22.0
640,16,16,22.034483
641,16,16,22.068966
642,17,17,22.103448
643,16,16,22.137931
644,16,16,22.172414
645,16,16,22.206897
646,16,16,22.241379
647,16,16,22.275862
648,16,16,22.310345
649,16,16,22.344828
650,16,16,22.37931
651,16,16,22.413793
652,16,16,22.448276
653,16,16,22.482759
654,16,16,22.517241
655,16,16,22.551724
656,16,16,22.586207
657,16,16,22.62069
658,16,16,22.655172
659,16,16,22.689655
660,16,16,22.724138
661,16,16,22.758621
662,16,16,22.793103
663,15,15,22.827586
664,15,15,22.862069
665,15,15,22.896552
666,16,16,22.931034
667,16,16,22.965517
668,16,16,23.0
669,16,16,23.034483
670,16,16,23.068966
671,16,16,23.103448
672,16,16,23.137931
673,16,16,23.172414
674,16,16,23.206897
675,16,16,23.241379
676,16,16,23.275862
677,16,16,23.310345
678,16,16,23.344828
679,16,16,23.37931
680,16,16,23.413793
681,16,16,23.448276
682,16,16,23.482759
683,16,16,23.517241
684,16,16,23.551724
685,15,15,23.586207
686,15,15,23.62069
687,15,15,23.655172
688,14,14,23.689655
689,15,15,23.724138
690,15,15,23.758621
691,15,15,23.793103
692,15,15,23.827586
693,14,14,23.862069
694,15,15,23.896552
695,15,15,23.931034
696,15,15,23.965517
697,15,15,24.0
698,15,15,24.034483
699,15,15,24.068966
700,15,15,24.103448
701,14,14,24.137931
702,14,14,24.172414
703,14,14,24.206897
704,14,14,24.241379
705,14,14,24.275862
706,14,14,24.310345
707,14,14,24.344828
708,14,14,24.37931
709,14,14,24.413793
710,14,14,24.448276
711,14,14,24.482759
712,14,14,24.517241
713,13,13,24.551724
714,13,13,24.586207
715,13,13,24.62069
716,13,13,24.655172
717,13,13,24.689655
718,13,13,24.724138
719,13,13,24.758621
720,13,13,24.793103
721,13,13,24.827586
722,13,13,24.862069
723,13,13,24.896552
724,13,13,24.931034
725,13,13,24.965517
726,13,13,25.0
727,13,13,25.034483
728,13,13,25.068966
729,13,13,25.103448
730,13,13,25.137931
731,13,13,25.172414
732,13,13,25.206897
733,13,13,25.241379
734,13,13,25.275862
735,13,13,25.310345
736,13,13,25.344828
737,13,13,25.37931
738,13,13,25.413793
739,13,13,25.448276
740,13,13,25.482759
741,13,13,25.517241
742,13,13,25.551724
743,13,13,25.586207
744,13,13,25.62069
745,12,12,25.655172
746,13,13,25.689655
747,13,13,25.724138
748,13,13,25.758621
749,13,13,25.793103
750,13,13,25.827586
751,13,13,25.862069
752,13,13,25.896552
753,13,13,25.931034
754,13,13,25.965517
755,13,13,26.0
756,13,13,26.034483
757,12,12,26.068966
758,12,12,26.103448
759,12,12,26.137931
760,12,12,26.172414
761,12,12,26.206897
762,12,12,26.241379
763,12,12,26.275862
764,12,12,26.310345
765,12,12,26.344828
766,12,12,26.37931
767,12,12,26.413793
768,12,12,26.448276
769,12,12,26.482759
770,12,12,26.517241
771,12,12,26.551724
772,12,12,26.586207
773,12,12,26.62069
774,12,12,26.655172
775,12,12,26.689655
776,12,12,26.724138
777,11,11,26.758621
778,11,11,26.793103
779,12,12,26.827586
780,11,11,26.862069
781,11,11,26.896552
782,12,12,26.931034
783,12,12,26.965517
784,12,12,27.0
785,12,12,27.034483
786,12,12,27.068966
787,12,12,27.103448
788,12,12,27.137931
789,12,12,27.172414
790,12,12,27.206897
791,12,12,27.241379
792,12,12,27.275862
793,12,12,27.310345
794,11,11,27.344828
795,11,11,27.37931
796,12,12,27.413793
797,10,10,27.448276
798,11,11,27.482759
799,12,12,27.517241
800,12,12,27.551724
801,12,12,27.586207
802,12,12,27.62069
803,12,12,27.655172
804,12,12,27.689655
805,12,12,27.724138
806,11,11,27.758621
807,10,10,27.793103
808,10,10,27.827586
809,10,10,27.862069
810,10,10,27.896552
811,10,10,27.931034
812,10,10,27.965517
813,9,9,28.0
814,9,9,28.034483
815,9,9,28.068966
816,9,9,28.103448
817,9,9,28.137931
818,8,8,28.172414
819,8,8,28.206897
820,9,9,28.241379
821,9,9,28.275862
822,9,9,28.310345
823,9,9,28.344828
824,8,8,28.37931
825,8,8,28.413793
826,9,9,28.448276
827,9,9,28.482759
828,9,9,28.517241
829,9,9,28.551724
830,9,9,28.586207
831,9,9,28.62069
832,9,9,28.655172
833,9,9,28.689655
834,9,9,28.724138
835,9,9,28.758621
836,9,9,28.793103
837,9,9,28.827586
838,9,9,28.862069
839,9,9,28.896552
840,9,9,28.931034
841,9,9,28.965517
842,9,9,29.0
843,9,9,29.034483
844,9,9,29.068966
845,9,9,29.103448
846,9,9,29.137931
847,9,9,29.172414
848,9,9,29.206897
849,9,9,29.241379
850,8,8,29.275862
851,8,8,29.310345
852,8,8,29.344828
853,8,8,29.37931
854,8,8,29.413793
855,8,8,29.448276
856,8,8,29.482759
857,8,8,29.517241
858,8,8,29.551724
859,8,8,29.586207
860,8,8,29.62069
861,8,8,29.655172
862,8,8,29.689655
863,8,8,29.724138
864,8,8,29.758621
865,8,8,29.793103
866,8,8,29.827586
867,8,8,29.862069
868,8,8,29.896552
869,8,8,29.931034
870,8,8,29.965517
871,8,8,30.0
872,8,8,30.034483
873,8,8,30.068966
874,8,8,30.103448
875,8,8,30.137931
876,8,8,30.172414
877,8,8,30.206897
878,8,8,30.241379
879,8,8,30.275862
880,8,8,30.310345
881,7,7,30.344828
882,7,7,30.37931
883,7,7,30.413793
884,7,7,30.448276
885,7,7,30.482759
886,7,7,30.517241
887,7,7,30.551724
888,7,7,30.586207
889,7,7,30.62069
890,7,7,30.655172
891,7,7,30.689655
892,7,7,30.724138
893,7,7,30.758621
894,7,7,30.793103
895,7,7,30.827586
896,7,7,30.862069
897,7,7,30.896552
898,7,7,30.931034
899,7,7,30.965517
900,7,7,31.0
901,7,7,31.034483
902,7,7,31.068966
903,7,7,31.103448
904,7,7,31.137931
905,7,7,31.172414
906,7,7,31.206897
907,7,7,31.241379
908,7,7,31.275862
909,7,7,31.310345
910,7,7,31.344828
911,7,7,31.37931
912,7,7,31.413793
913,7,7,31.448276
914,7,7,31.482759
915,7,7,31.517241
916,7,7,31.551724
917,7,7,31.586207
918,6,6,31.62069
919,6,6,31.655172
920,6,6,31.689655
921,6,6,31.724138
922,6,6,31.758621
923,6,6,31.793103
924,6,6,31.827586
925,6,6,31.862069
926,6,6,31.896552
927,6,6,31.931034
928,6,6,31.965517
929,6,6,32.0
930,6,6,32.034483
931,6,6,32.068966
932,6,6,32.103448
933,6,6,32.137931
934,6,6,32.172414
935,6,6,32.206897
936,6,6,32.241379
937,6,6,32.275862
938,6,6,32.310345
939,6,6,32.344828
940,6,6,32.37931
941,6,6,32.413793
942,6,6,32.448276
943,6,6,32.482759
944,6,6,32.517241
945,6,6,32.551724
946,6,6,32.586207
947,6,6,32.62069
948,6,6,32.655172
949,6,6,32.689655
950,6,6,32.724138
951,6,6,32.758621
952,6,6,32.793103
953,6,6,32.827586
954,6,6,32.862069
955,6,6,32.896552
956,6,6,32.931034
957,6,6,32.965517
958,6,6,33.0
959,6,6,33.034483
960,6,6,33.068966
961,6,6,33.103448
962,6,6,33.137931
963,6,6,33.172414
964,6,6,33.206897
965,6,6,33.241379
966,6,6,33.275862
967,6,6,33.310345
968,6,6,33.344828
969,6,6,33.37931
970,6,6,33.413793
971,6,6,33.448276
972,6,6,33.482759
973,6,6,33.517241
974,6,6,33.551724
975,6,6,33.586207
976,6,6,33.62069
977,6,6,33.655172
978,6,6,33.689655
979,6,6,33.724138
980,6,6,33.758621
981,6,6,33.793103
982,6,6,33.827586
983,6,6,33.862069
984,6,6,33.896552
985,6,6,33.931034
986,6,6,33.965517
987,6,6,34.0
988,6,6,34.034483
989,6,6,34.068966
990,6,6,34.103448
991,6,6,34.137931
992,6,6,34.172414
993,6,6,34.206897
994,6,6,34.241379
995,6,6,34.275862
996,6,6,34.310345
997,6,6,34.344828
998,6,6,34.37931
