frame_number,detection_count,timestamp_seconds
1,6,0.0
2,6,0.034482758620689655
3,6,0.06896551724137931
4,6,0.10344827586206896
5,6,0.13793103448275862
6,6,0.1724137931034483
7,6,0.20689655172413793
8,6,0.2413793103448276
9,6,0.27586206896551724
10,6,0.3103448275862069
11,6,0.3448275862068966
12,6,0.3793103448275862
13,6,0.41379310344827586
14,6,0.4482758620689655
15,6,0.4827586206896552
16,6,0.5172413793103449
17,7,0.5517241379310345
18,7,0.5862068965517241
19,7,0.6206896551724138
20,7,0.6551724137931034
21,7,0.6896551724137931
22,7,0.7241379310344828
23,7,0.7586206896551724
24,7,0.7931034482758621
25,7,0.8275862068965517
26,7,0.8620689655172413
27,7,0.896551724137931
28,6,0.9310344827586207
29,7,0.9655172413793104
30,7,1.0
31,6,1.0344827586206897
32,6,1.0689655172413792
33,6,1.103448275862069
34,6,1.1379310344827587
35,7,1.1724137931034482
36,7,1.206896551724138
37,7,1.2413793103448276
38,7,1.2758620689655173
39,7,1.3103448275862069
40,7,1.3448275862068966
41,7,1.3793103448275863
42,7,1.4137931034482758
43,7,1.4482758620689655
44,7,1.4827586206896552
45,7,1.5172413793103448
46,7,1.5517241379310345
47,7,1.5862068965517242
48,7,1.6206896551724137
49,7,1.6551724137931034
50,7,1.6896551724137931
51,7,1.7241379310344827
52,7,1.7586206896551724
53,7,1.793103448275862
54,7,1.8275862068965518
55,7,1.8620689655172413
56,7,1.896551724137931
57,7,1.9310344827586208
58,7,1.9655172413793103
59,7,2.0
60,7,2.0344827586206895
61,7,2.0689655172413794
62,7,2.103448275862069
63,7,2.1379310344827585
64,7,2.1724137931034484
65,8,2.206896551724138
66,8,2.2413793103448274
67,9,2.2758620689655173
68,9,2.310344827586207
69,9,2.3448275862068964
70,9,2.3793103448275863
71,9,2.413793103448276
72,9,2.4482758620689653
73,9,2.4827586206896552
74,9,2.5172413793103448
75,9,2.5517241379310347
76,9,2.586206896551724
77,9,2.6206896551724137
78,9,2.6551724137931036
79,9,2.689655172413793
80,9,2.7241379310344827
81,9,2.7586206896551726
82,9,2.793103448275862
83,9,2.8275862068965516
84,9,2.8620689655172415
85,9,2.896551724137931
86,9,2.9310344827586206
87,9,2.9655172413793105
88,9,3.0
89,9,3.0344827586206895
90,9,3.0689655172413794
91,9,3.103448275862069
92,9,3.1379310344827585
93,9,3.1724137931034484
94,9,3.206896551724138
95,9,3.2413793103448274
96,9,3.2758620689655173
97,9,3.310344827586207
98,9,3.3448275862068964
99,9,3.3793103448275863
100,9,3.413793103448276
101,9,3.4482758620689653
102,9,3.4827586206896552
103,9,3.5172413793103448
104,8,3.5517241379310347
105,8,3.586206896551724
106,8,3.6206896551724137
107,10,3.6551724137931036
108,10,3.689655172413793
109,11,3.7241379310344827
110,10,3.7586206896551726
111,10,3.793103448275862
112,10,3.8275862068965516
113,10,3.8620689655172415
114,10,3.896551724137931
115,10,3.9310344827586206
116,10,3.9655172413793105
117,10,4.0
118,10,4.0344827586206895
119,10,4.068965517241379
120,10,4.103448275862069
121,11,4.137931034482759
122,10,4.172413793103448
123,11,4.206896551724138
124,11,4.241379310344827
125,10,4.275862068965517
126,11,4.310344827586207
127,10,4.344827586206897
128,10,4.379310344827586
129,10,4.413793103448276
130,10,4.448275862068965
131,10,4.482758620689655
132,10,4.517241379310345
133,10,4.551724137931035
134,10,4.586206896551724
135,10,4.620689655172414
136,10,4.655172413793103
137,11,4.689655172413793
138,11,4.724137931034483
139,10,4.758620689655173
140,10,4.793103448275862
141,10,4.827586206896552
142,10,4.862068965517241
143,11,4.896551724137931
144,11,4.931034482758621
145,10,4.9655172413793105
146,10,5.0
147,11,5.0344827586206895
148,10,5.068965517241379
149,10,5.103448275862069
150,10,5.137931034482759
151,10,5.172413793103448
152,10,5.206896551724138
153,10,5.241379310344827
154,10,5.275862068965517
155,10,5.310344827586207
156,10,5.344827586206897
157,10,5.379310344827586
158,11,5.413793103448276
159,11,5.448275862068965
160,10,5.482758620689655
161,11,5.517241379310345
162,11,5.551724137931035
163,11,5.586206896551724
164,11,5.620689655172414
165,11,5.655172413793103
166,11,5.689655172413793
167,11,5.724137931034483
168,11,5.758620689655173
169,11,5.793103448275862
170,11,5.827586206896552
171,11,5.862068965517241
172,12,5.896551724137931
173,10,5.931034482758621
174,11,5.9655172413793105
175,12,6.0
176,12,6.0344827586206895
177,12,6.068965517241379
178,12,6.103448275862069
179,12,6.137931034482759
180,11,6.172413793103448
181,13,6.206896551724138
182,12,6.241379310344827
183,10,6.275862068965517
184,11,6.310344827586207
185,12,6.344827586206897
186,12,6.379310344827586
187,12,6.413793103448276
188,13,6.448275862068965
189,13,6.482758620689655
190,13,6.517241379310345
191,13,6.551724137931035
192,13,6.586206896551724
193,13,6.620689655172414
194,12,6.655172413793103
195,12,6.689655172413793
196,13,6.724137931034483
197,13,6.758620689655173
198,13,6.793103448275862
199,13,6.827586206896552
200,13,6.862068965517241
201,13,6.896551724137931
202,14,6.931034482758621
203,14,6.9655172413793105
204,14,7.0
205,14,7.0344827586206895
206,14,7.068965517241379
207,12,7.103448275862069
208,12,7.137931034482759
209,13,7.172413793103448
210,13,7.206896551724138
211,13,7.241379310344827
212,13,7.275862068965517
213,13,7.310344827586207
214,13,7.344827586206897
215,13,7.379310344827586
216,13,7.413793103448276
217,13,7.448275862068965
218,13,7.482758620689655
219,15,7.517241379310345
220,15,7.551724137931035
221,16,7.586206896551724
222,15,7.620689655172414
223,15,7.655172413793103
224,15,7.689655172413793
225,15,7.724137931034483
226,14,7.758620689655173
227,14,7.793103448275862
228,16,7.827586206896552
229,16,7.862068965517241
230,12,7.896551724137931
231,12,7.931034482758621
232,14,7.9655172413793105
233,14,8.0
234,14,8.03448275862069
235,13,8.068965517241379
236,14,8.10344827586207
237,14,8.137931034482758
238,14,8.172413793103448
239,16,8.206896551724139
240,15,8.241379310344827
241,15,8.275862068965518
242,15,8.310344827586206
243,13,8.344827586206897
244,14,8.379310344827585
245,15,8.413793103448276
246,13,8.448275862068966
247,13,8.482758620689655
248,13,8.517241379310345
249,14,8.551724137931034
250,15,8.586206896551724
251,14,8.620689655172415
252,16,8.655172413793103
253,14,8.689655172413794
254,14,8.724137931034482
255,15,8.758620689655173
256,15,8.793103448275861
257,14,8.827586206896552
258,15,8.862068965517242
259,15,8.89655172413793
260,15,8.931034482758621
261,16,8.96551724137931
262,16,9.0
263,15,9.03448275862069
264,15,9.068965517241379
265,15,9.10344827586207
266,15,9.137931034482758
267,15,9.172413793103448
268,14,9.206896551724139
269,14,9.241379310344827
270,14,9.275862068965518
271,14,9.310344827586206
272,14,9.344827586206897
273,13,9.379310344827585
274,14,9.413793103448276
275,15,9.448275862068966
276,16,9.482758620689655
277,16,9.517241379310345
278,16,9.551724137931034
279,16,9.586206896551724
280,16,9.620689655172415
281,17,9.655172413793103
282,17,9.689655172413794
283,16,9.724137931034482
284,16,9.758620689655173
285,15,9.793103448275861
286,15,9.827586206896552
287,15,9.862068965517242
288,15,9.89655172413793
289,15,9.931034482758621
290,15,9.96551724137931
291,14,10.0
292,15,10.03448275862069
293,14,10.068965517241379
294,14,10.10344827586207
295,14,10.137931034482758
296,14,10.172413793103448
297,14,10.206896551724139
298,15,10.241379310344827
299,15,10.275862068965518
300,15,10.310344827586206
301,16,10.344827586206897
302,16,10.379310344827585
303,16,10.413793103448276
304,15,10.448275862068966
305,15,10.482758620689655
306,15,10.517241379310345
307,15,10.551724137931034
308,15,10.586206896551724
309,16,10.620689655172415
310,16,10.655172413793103
311,16,10.689655172413794
312,15,10.724137931034482
313,15,10.758620689655173
314,16,10.793103448275861
315,15,10.827586206896552
316,16,10.862068965517242
317,16,10.89655172413793
318,16,10.931034482758621
319,15,10.96551724137931
320,16,11.0
321,17,11.03448275862069
322,17,11.068965517241379
323,17,11.10344827586207
324,16,11.137931034482758
325,17,11.172413793103448
326,16,11.206896551724139
327,17,11.241379310344827
328,16,11.275862068965518
329,17,11.310344827586206
330,17,11.344827586206897
331,16,11.379310344827585
332,16,11.413793103448276
333,17,11.448275862068966
334,17,11.482758620689655
335,17,11.517241379310345
336,17,11.551724137931034
337,17,11.586206896551724
338,16,11.620689655172415
339,16,11.655172413793103
340,16,11.689655172413794
341,16,11.724137931034482
342,16,11.758620689655173
343,16,11.793103448275861
344,16,11.827586206896552
345,16,11.862068965517242
346,16,11.89655172413793
347,16,11.931034482758621
348,17,11.96551724137931
349,18,12.0
350,17,12.03448275862069
351,17,12.068965517241379
352,17,12.10344827586207
353,17,12.137931034482758
354,16,12.172413793103448
355,16,12.206896551724139
356,16,12.241379310344827
357,16,12.275862068965518
358,17,12.310344827586206
359,17,12.344827586206897
360,17,12.379310344827585
361,16,12.413793103448276
362,18,12.448275862068966
363,16,12.482758620689655
364,17,12.517241379310345
365,16,12.551724137931034
366,17,12.586206896551724
367,17,12.620689655172415
368,17,12.655172413793103
369,16,12.689655172413794
370,16,12.724137931034482
371,16,12.758620689655173
372,17,12.793103448275861
373,18,12.827586206896552
374,16,12.862068965517242
375,17,12.89655172413793
376,16,12.931034482758621
377,17,12.96551724137931
378,17,13.0
379,17,13.03448275862069
380,17,13.068965517241379
381,17,13.10344827586207
382,17,13.137931034482758
383,17,13.172413793103448
384,16,13.206896551724139
385,17,13.241379310344827
386,17,13.275862068965518
387,16,13.310344827586206
388,17,13.344827586206897
389,17,13.379310344827585
390,17,13.413793103448276
391,17,13.448275862068966
392,17,13.482758620689655
393,17,13.517241379310345
394,17,13.551724137931034
395,17,13.586206896551724
396,17,13.620689655172415
397,17,13.655172413793103
398,17,13.689655172413794
399,17,13.724137931034482
400,17,13.758620689655173
401,17,13.793103448275861
402,17,13.827586206896552
403,17,13.862068965517242
404,17,13.89655172413793
405,17,13.931034482758621
406,17,13.96551724137931
407,17,14.0
408,17,14.03448275862069
409,17,14.068965517241379
410,17,14.10344827586207
411,18,14.137931034482758
412,18,14.172413793103448
413,18,14.206896551724139
414,18,14.241379310344827
415,18,14.275862068965518
416,18,14.310344827586206
417,18,14.344827586206897
418,18,14.379310344827585
419,18,14.413793103448276
420,18,14.448275862068966
421,18,14.482758620689655
422,18,14.517241379310345
423,18,14.551724137931034
424,18,14.586206896551724
425,18,14.620689655172415
426,18,14.655172413793103
427,17,14.689655172413794
428,17,14.724137931034482
429,18,14.758620689655173
430,18,14.793103448275861
431,17,14.827586206896552
432,18,14.862068965517242
433,19,14.89655172413793
434,17,14.931034482758621
435,18,14.96551724137931
436,18,15.0
437,18,15.03448275862069
438,18,15.068965517241379
439,17,15.10344827586207
440,17,15.137931034482758
441,17,15.172413793103448
442,17,15.206896551724139
443,17,15.241379310344827
444,17,15.275862068965518
445,17,15.310344827586206
446,18,15.344827586206897
447,17,15.379310344827585
448,18,15.413793103448276
449,18,15.448275862068966
450,18,15.482758620689655
451,18,15.517241379310345
452,18,15.551724137931034
453,18,15.586206896551724
454,18,15.620689655172415
455,18,15.655172413793103
456,18,15.689655172413794
457,17,15.724137931034482
458,18,15.758620689655173
459,18,15.793103448275861
460,18,15.827586206896552
461,18,15.862068965517242
462,19,15.89655172413793
463,17,15.931034482758621
464,17,15.96551724137931
465,17,16.0
466,17,16.03448275862069
467,17,16.06896551724138
468,17,16.103448275862068
469,17,16.137931034482758
470,18,16.17241379310345
471,18,16.20689655172414
472,17,16.24137931034483
473,18,16.275862068965516
474,18,16.310344827586206
475,18,16.344827586206897
476,18,16.379310344827587
477,18,16.413793103448278
478,18,16.448275862068964
479,17,16.482758620689655
480,18,16.517241379310345
481,17,16.551724137931036
482,17,16.586206896551722
483,17,16.620689655172413
484,17,16.655172413793103
485,17,16.689655172413794
486,18,16.724137931034484
487,16,16.75862068965517
488,16,16.79310344827586
489,16,16.82758620689655
490,16,16.862068965517242
491,16,16.896551724137932
492,16,16.93103448275862
493,16,16.96551724137931
494,16,17.0
495,16,17.03448275862069
496,16,17.06896551724138
497,16,17.103448275862068
498,16,17.137931034482758
499,16,17.17241379310345
500,16,17.20689655172414
501,17,17.24137931034483
502,17,17.275862068965516
503,18,17.310344827586206
504,17,17.344827586206897
505,17,17.379310344827587
506,17,17.413793103448278
507,17,17.448275862068964
508,17,17.482758620689655
509,17,17.517241379310345
510,17,17.551724137931036
511,17,17.586206896551722
512,17,17.620689655172413
513,17,17.655172413793103
514,17,17.689655172413794
515,17,17.724137931034484
516,17,17.75862068965517
517,17,17.79310344827586
518,17,17.82758620689655
519,17,17.862068965517242
520,17,17.896551724137932
521,17,17.93103448275862
522,17,17.96551724137931
523,17,18.0
524,17,18.03448275862069
525,17,18.06896551724138
526,17,18.103448275862068
527,17,18.137931034482758
528,17,18.17241379310345
529,16,18.20689655172414
530,17,18.24137931034483
531,17,18.275862068965516
532,17,18.310344827586206
533,17,18.344827586206897
534,17,18.379310344827587
535,16,18.413793103448278
536,16,18.448275862068964
537,16,18.482758620689655
538,17,18.517241379310345
539,17,18.551724137931036
540,17,18.586206896551722
541,17,18.620689655172413
542,17,18.655172413793103
543,17,18.689655172413794
544,17,18.724137931034484
545,17,18.75862068965517
546,16,18.79310344827586
547,16,18.82758620689655
548,16,18.862068965517242
549,16,18.896551724137932
550,16,18.93103448275862
551,16,18.96551724137931
552,16,19.0
553,17,19.03448275862069
554,17,19.06896551724138
555,17,19.103448275862068
556,17,19.137931034482758
557,17,19.17241379310345
558,17,19.20689655172414
559,17,19.24137931034483
560,17,19.275862068965516
561,17,19.310344827586206
562,17,19.344827586206897
563,16,19.379310344827587
564,16,19.413793103448278
565,17,19.448275862068964
566,17,19.482758620689655
567,17,19.517241379310345
568,17,19.551724137931036
569,17,19.586206896551722
570,17,19.620689655172413
571,17,19.655172413793103
572,17,19.689655172413794
573,17,19.724137931034484
574,17,19.75862068965517
575,17,19.79310344827586
576,17,19.82758620689655
577,17,19.862068965517242
578,17,19.896551724137932
579,17,19.93103448275862
580,18,19.96551724137931
581,17,20.0
582,17,20.03448275862069
583,17,20.06896551724138
584,17,20.103448275862068
585,17,20.137931034482758
586,17,20.17241379310345
587,17,20.20689655172414
588,17,20.24137931034483
589,17,20.275862068965516
590,17,20.310344827586206
591,17,20.344827586206897
592,17,20.379310344827587
593,17,20.413793103448278
594,17,20.448275862068964
595,17,20.482758620689655
596,17,20.517241379310345
597,17,20.551724137931036
598,17,20.586206896551722
599,17,20.620689655172413
600,17,20.655172413793103
601,17,20.689655172413794
602,17,20.724137931034484
603,17,20.75862068965517
604,17,20.79310344827586
605,17,20.82758620689655
606,17,20.862068965517242
607,17,20.896551724137932
608,17,20.93103448275862
609,17,20.96551724137931
610,17,21.0
611,17,21.03448275862069
612,17,21.06896551724138
613,16,21.103448275862068
614,16,21.137931034482758
615,16,21.17241379310345
616,16,21.20689655172414
617,16,21.24137931034483
618,16,21.275862068965516
619,16,21.310344827586206
620,16,21.344827586206897
621,16,21.379310344827587
622,16,21.413793103448278
623,16,21.448275862068964
624,16,21.482758620689655
625,16,21.517241379310345
626,17,21.551724137931036
627,17,21.586206896551722
628,16,21.620689655172413
629,16,21.655172413793103
630,16,21.689655172413794
631,16,21.724137931034484
632,16,21.75862068965517
633,16,21.79310344827586
634,16,21.82758620689655
635,16,21.862068965517242
636,16,21.896551724137932
637,17,21.93103448275862
638,17,21.96551724137931
639,17,22.0
640,16,22.03448275862069
641,17,22.06896551724138
642,17,22.103448275862068
643,16,22.137931034482758
644,16,22.17241379310345
645,16,22.20689655172414
646,16,22.24137931034483
647,16,22.275862068965516
648,16,22.310344827586206
649,16,22.344827586206897
650,16,22.379310344827587
651,16,22.413793103448278
652,16,22.448275862068964
653,16,22.482758620689655
654,16,22.517241379310345
655,16,22.551724137931036
656,16,22.586206896551722
657,16,22.620689655172413
658,16,22.655172413793103
659,16,22.689655172413794
660,16,22.724137931034484
661,17,22.75862068965517
662,16,22.79310344827586
663,16,22.82758620689655
664,16,22.862068965517242
665,16,22.896551724137932
666,16,22.93103448275862
667,16,22.96551724137931
668,16,23.0
669,17,23.03448275862069
670,17,23.06896551724138
671,16,23.103448275862068
672,16,23.137931034482758
673,17,23.17241379310345
674,17,23.20689655172414
675,17,23.24137931034483
676,17,23.275862068965516
677,17,23.310344827586206
678,17,23.344827586206897
679,17,23.379310344827587
680,17,23.413793103448278
681,16,23.448275862068964
682,17,23.482758620689655
683,16,23.517241379310345
684,16,23.551724137931036
685,17,23.586206896551722
686,15,23.620689655172413
687,15,23.655172413793103
688,16,23.689655172413794
689,15,23.724137931034484
690,15,23.75862068965517
691,15,23.79310344827586
692,15,23.82758620689655
693,15,23.862068965517242
694,15,23.896551724137932
695,15,23.93103448275862
696,15,23.96551724137931
697,15,24.0
698,15,24.03448275862069
699,15,24.06896551724138
700,15,24.103448275862068
701,15,24.137931034482758
702,14,24.17241379310345
703,14,24.20689655172414
704,14,24.24137931034483
705,14,24.275862068965516
706,14,24.310344827586206
707,14,24.344827586206897
708,14,24.379310344827587
709,14,24.413793103448278
710,14,24.448275862068964
711,14,24.482758620689655
712,14,24.517241379310345
713,14,24.551724137931036
714,13,24.586206896551722
715,13,24.620689655172413
716,13,24.655172413793103
717,13,24.689655172413794
718,13,24.724137931034484
719,13,24.75862068965517
720,13,24.79310344827586
721,14,24.82758620689655
722,14,24.862068965517242
723,14,24.896551724137932
724,14,24.93103448275862
725,14,24.96551724137931
726,14,25.0
727,14,25.03448275862069
728,13,25.06896551724138
729,13,25.103448275862068
730,13,25.137931034482758
731,13,25.17241379310345
732,13,25.20689655172414
733,13,25.24137931034483
734,13,25.275862068965516
735,13,25.310344827586206
736,13,25.344827586206897
737,13,25.379310344827587
738,13,25.413793103448278
739,13,25.448275862068964
740,14,25.482758620689655
741,14,25.517241379310345
742,13,25.551724137931036
743,13,25.586206896551722
744,13,25.620689655172413
745,13,25.655172413793103
746,13,25.689655172413794
747,13,25.724137931034484
748,13,25.75862068965517
749,13,25.79310344827586
750,13,25.82758620689655
751,13,25.862068965517242
752,13,25.896551724137932
753,13,25.93103448275862
754,13,25.96551724137931
755,13,26.0
756,13,26.03448275862069
757,12,26.06896551724138
758,12,26.103448275862068
759,12,26.137931034482758
760,12,26.17241379310345
761,12,26.20689655172414
762,12,26.24137931034483
763,12,26.275862068965516
764,12,26.310344827586206
765,13,26.344827586206897
766,12,26.379310344827587
767,13,26.413793103448278
768,13,26.448275862068964
769,12,26.482758620689655
770,13,26.517241379310345
771,12,26.551724137931036
772,12,26.586206896551722
773,12,26.620689655172413
774,12,26.655172413793103
775,12,26.689655172413794
776,12,26.724137931034484
777,12,26.75862068965517
778,11,26.79310344827586
779,13,26.82758620689655
780,12,26.862068965517242
781,13,26.896551724137932
782,12,26.93103448275862
783,12,26.96551724137931
784,12,27.0
785,12,27.03448275862069
786,12,27.06896551724138
787,12,27.103448275862068
788,12,27.137931034482758
789,12,27.17241379310345
790,12,27.20689655172414
791,12,27.24137931034483
792,13,27.275862068965516
793,13,27.310344827586206
794,13,27.344827586206897
795,13,27.379310344827587
796,12,27.413793103448278
797,12,27.448275862068964
798,12,27.482758620689655
799,12,27.517241379310345
800,12,27.551724137931036
801,12,27.586206896551722
802,12,27.620689655172413
803,12,27.655172413793103
804,12,27.689655172413794
805,12,27.724137931034484
806,11,27.75862068965517
807,10,27.79310344827586
808,10,27.82758620689655
809,10,27.862068965517242
810,10,27.896551724137932
811,10,27.93103448275862
812,10,27.96551724137931
813,10,28.0
814,9,28.03448275862069
815,10,28.06896551724138
816,10,28.103448275862068
817,9,28.137931034482758
818,9,28.17241379310345
819,9,28.20689655172414
820,10,28.24137931034483
821,9,28.275862068965516
822,9,28.310344827586206
823,9,28.344827586206897
824,9,28.379310344827587
825,8,28.413793103448278
826,9,28.448275862068964
827,9,28.482758620689655
828,10,28.517241379310345
829,9,28.551724137931036
830,9,28.586206896551722
831,9,28.620689655172413
832,9,28.655172413793103
833,9,28.689655172413794
834,9,28.724137931034484
835,9,28.75862068965517
836,9,28.79310344827586
837,9,28.82758620689655
838,9,28.862068965517242
839,9,28.896551724137932
840,9,28.93103448275862
841,9,28.96551724137931
842,9,29.0
843,10,29.03448275862069
844,10,29.06896551724138
845,10,29.103448275862068
846,9,29.137931034482758
847,10,29.17241379310345
848,9,29.20689655172414
849,9,29.24137931034483
850,9,29.275862068965516
851,8,29.310344827586206
852,8,29.344827586206897
853,8,29.379310344827587
854,8,29.413793103448278
855,8,29.448275862068964
856,8,29.482758620689655
857,8,29.517241379310345
858,8,29.551724137931036
859,8,29.586206896551722
860,8,29.620689655172413
861,8,29.655172413793103
862,8,29.689655172413794
863,8,29.724137931034484
864,8,29.75862068965517
865,8,29.79310344827586
866,8,29.82758620689655
867,8,29.862068965517242
868,8,29.896551724137932
869,8,29.93103448275862
870,8,29.96551724137931
871,8,30.0
872,8,30.03448275862069
873,8,30.06896551724138
874,8,30.103448275862068
875,8,30.137931034482758
876,8,30.17241379310345
877,8,30.20689655172414
878,8,30.24137931034483
879,8,30.275862068965516
880,8,30.310344827586206
881,8,30.344827586206897
882,7,30.379310344827587
883,7,30.413793103448278
884,7,30.448275862068964
885,7,30.482758620689655
886,7,30.517241379310345
887,7,30.551724137931036
888,7,30.586206896551722
889,7,30.620689655172413
890,7,30.655172413793103
891,7,30.689655172413794
892,7,30.724137931034484
893,7,30.75862068965517
894,7,30.79310344827586
895,7,30.82758620689655
896,7,30.862068965517242
897,7,30.896551724137932
898,7,30.93103448275862
899,7,30.96551724137931
900,7,31.0
901,7,31.03448275862069
902,7,31.06896551724138
903,7,31.103448275862068
904,7,31.137931034482758
905,7,31.17241379310345
906,7,31.20689655172414
907,8,31.24137931034483
908,7,31.275862068965516
909,7,31.310344827586206
910,7,31.344827586206897
911,7,31.379310344827587
912,7,31.413793103448278
913,7,31.448275862068964
914,7,31.482758620689655
915,7,31.517241379310345
916,7,31.551724137931036
917,7,31.586206896551722
918,7,31.620689655172413
919,6,31.655172413793103
920,6,31.689655172413794
921,6,31.724137931034484
922,6,31.75862068965517
923,6,31.79310344827586
924,6,31.82758620689655
925,6,31.862068965517242
926,6,31.896551724137932
927,6,31.93103448275862
928,6,31.96551724137931
929,6,32.0
930,6,32.03448275862069
931,6,32.06896551724138
932,6,32.10344827586207
933,6,32.13793103448276
934,6,32.172413793103445
935,6,32.206896551724135
936,6,32.241379310344826
937,6,32.275862068965516
938,6,32.310344827586206
939,6,32.3448275862069
940,6,32.37931034482759
941,6,32.41379310344828
942,6,32.44827586206897
943,6,32.48275862068966
944,6,32.51724137931034
945,6,32.55172413793103
946,6,32.58620689655172
947,6,32.62068965517241
948,6,32.6551724137931
949,6,32.689655172413794
950,6,32.724137931034484
951,6,32.758620689655174
952,6,32.793103448275865
953,6,32.827586206896555
954,6,32.86206896551724
955,6,32.89655172413793
956,6,32.93103448275862
957,6,32.96551724137931
958,6,33.0
959,6,33.03448275862069
960,6,33.06896551724138
961,6,33.10344827586207
962,7,33.13793103448276
963,7,33.172413793103445
964,7,33.206896551724135
965,7,33.241379310344826
966,6,33.275862068965516
967,7,33.310344827586206
968,7,33.3448275862069
969,7,33.37931034482759
970,7,33.41379310344828
971,7,33.44827586206897
972,7,33.48275862068966
973,6,33.51724137931034
974,7,33.55172413793103
975,7,33.58620689655172
976,6,33.62068965517241
977,6,33.6551724137931
978,6,33.689655172413794
979,6,33.724137931034484
980,6,33.758620689655174
981,6,33.793103448275865
982,6,33.827586206896555
983,6,33.86206896551724
984,6,33.89655172413793
985,7,33.93103448275862
986,6,33.96551724137931
987,7,34.0
988,7,34.03448275862069
989,7,34.06896551724138
990,7,34.10344827586207
991,7,34.13793103448276
992,6,34.172413793103445
993,6,34.206896551724135
994,7,34.241379310344826
995,7,34.275862068965516
996,6,34.310344827586206
997,7,34.3448275862069
998,7,34.37931034482759
