metric,value
model,YOLO11m
model_format,PyTorch (.pt)
device,cpu
confidence_threshold,0.25
iou_threshold,0.45
image_size,640
video_filename,PNNL_Parking_LOT(1).avi
video_width,1920
video_height,1080
video_fps,29.0
total_frames,998
frames_with_detections,998
total_detections,12735
average_detections_per_frame,12.760521042084168
average_confidence,0.7276981279809754
minimum_confidence,0.25011688470840454
maximum_confidence,0.9296931028366089
total_processing_time_seconds,803.9277073999401
average_inference_time_per_frame_ms,752.6341954900329
inference_fps,1.328666709528006
complete_pipeline_fps,1.241405154734283
precision,
recall,
f1_score,
map50,
map50_95,
iou,
