frame_number,detection_count
1,6
2,6
3,6
4,6
5,6
6,6
7,6
8,6
9,6
10,6
11,6
12,6
13,6
14,6
15,6
16,6
17,7
18,7
19,7
20,7
21,7
22,7
23,7
24,7
25,7
26,7
27,7
28,6
29,7
30,7
31,6
32,6
33,6
34,6
35,7
36,7
37,7
38,7
39,7
40,7
41,7
42,7
43,7
44,7
45,7
46,7
47,7
48,7
49,7
50,7
51,7
52,7
53,7
54,7
55,7
56,7
57,7
58,7
59,7
60,7
61,7
62,7
63,7
64,7
65,8
66,8
67,9
68,9
69,9
70,9
71,9
72,9
73,9
74,9
75,9
76,9
77,9
78,9
79,9
80,9
81,9
82,9
83,9
84,9
85,9
86,9
87,9
88,9
89,9
90,9
91,9
92,9
93,9
94,9
95,9
96,9
97,9
98,9
99,9
100,9
101,9
102,9
103,9
104,9
105,8
106,9
107,10
108,10
109,11
110,10
111,10
112,10
113,10
114,10
115,10
116,10
117,10
118,10
119,10
120,10
121,11
122,11
123,11
124,11
125,10
126,12
127,10
128,10
129,10
130,10
131,10
132,10
133,10
134,10
135,10
136,10
137,11
138,11
139,10
140,10
141,10
142,10
143,11
144,11
145,10
146,10
147,11
148,10
149,10
150,10
151,10
152,10
153,10
154,10
155,10
156,10
157,12
158,12
159,12
160,12
161,12
162,12
163,11
164,11
165,11
166,11
167,11
168,11
169,11
170,11
171,12
172,12
173,12
174,12
175,12
176,12
177,12
178,12
179,12
180,13
181,13
182,12
183,11
184,12
185,13
186,12
187,12
188,13
189,14
190,13
191,13
192,13
193,13
194,13
195,14
196,13
197,14
198,14
199,14
200,13
201,13
202,14
203,15
204,16
205,14
206,15
207,13
208,12
209,13
210,13
211,14
212,13
213,13
214,14
215,14
216,14
217,13
218,15
219,15
220,15
221,15
222,15
223,15
224,16
225,15
226,16
227,15
228,16
229,16
230,15
231,15
232,16
233,15
234,16
235,13
236,14
237,14
238,14
239,16
240,15
241,15
242,16
243,13
244,14
245,15
246,14
247,14
248,15
249,15
250,15
251,15
252,16
253,14
254,15
255,16
256,16
257,15
258,15
259,17
260,16
261,16
262,16
263,17
264,17
265,16
266,15
267,15
268,15
269,14
270,16
271,16
272,15
273,15
274,15
275,15
276,15
277,17
278,15
279,16
280,17
281,17
282,17
283,17
284,17
285,16
286,16
287,15
288,16
289,17
290,16
291,15
292,16
293,17
294,15
295,15
296,14
297,15
298,17
299,16
300,16
301,17
302,16
303,17
304,17
305,15
306,16
307,16
308,17
309,16
310,16
311,17
312,16
313,15
314,16
315,15
316,16
317,16
318,16
319,17
320,17
321,17
322,17
323,17
324,17
325,17
326,16
327,17
328,16
329,17
330,17
331,17
332,16
333,17
334,17
335,17
336,17
337,17
338,16
339,16
340,16
341,16
342,16
343,16
344,16
345,16
346,17
347,16
348,17
349,18
350,17
351,17
352,17
353,17
354,16
355,16
356,16
357,17
358,17
359,17
360,17
361,17
362,18
363,18
364,17
365,17
366,17
367,17
368,18
369,17
370,16
371,16
372,16
373,17
374,16
375,17
376,17
377,17
378,17
379,17
380,17
381,17
382,17
383,17
384,17
385,17
386,17
387,17
388,17
389,17
390,17
391,17
392,17
393,17
394,17
395,17
396,17
397,17
398,17
399,17
400,17
401,17
402,17
403,17
404,17
405,17
406,17
407,17
408,17
409,17
410,17
411,18
412,18
413,18
414,18
415,18
416,18
417,19
418,18
419,18
420,18
421,18
422,18
423,18
424,18
425,18
426,18
427,17
428,17
429,18
430,18
431,18
432,18
433,19
434,17
435,18
436,18
437,18
438,18
439,18
440,17
441,18
442,18
443,17
444,17
445,17
446,18
447,18
448,18
449,18
450,18
451,18
452,18
453,18
454,18
455,17
456,18
457,17
458,18
459,18
460,18
461,18
462,19
463,17
464,17
465,17
466,17
467,17
468,17
469,17
470,18
471,18
472,17
473,18
474,18
475,18
476,18
477,18
478,18
479,17
480,18
481,17
482,17
483,17
484,17
485,17
486,18
487,16
488,16
489,16
490,16
491,16
492,16
493,16
494,17
495,16
496,16
497,16
498,16
499,16
500,17
501,17
502,17
503,18
504,17
505,17
506,17
507,17
508,17
509,17
510,17
511,17
512,17
513,17
514,17
515,17
516,17
517,17
518,17
519,17
520,17
521,17
522,17
523,17
524,17
525,17
526,17
527,17
528,17
529,17
530,17
531,17
532,17
533,17
534,17
535,16
536,16
537,16
538,17
539,17
540,17
541,17
542,17
543,17
544,17
545,17
546,17
547,16
548,16
549,17
550,17
551,16
552,17
553,17
554,17
555,17
556,17
557,17
558,17
559,17
560,17
561,17
562,17
563,17
564,17
565,17
566,17
567,17
568,17
569,17
570,17
571,17
572,17
573,17
574,17
575,17
576,17
577,17
578,17
579,18
580,18
581,17
582,17
583,17
584,17
585,17
586,17
587,17
588,17
589,17
590,17
591,17
592,17
593,17
594,17
595,17
596,17
597,17
598,17
599,17
600,17
601,17
602,17
603,17
604,17
605,17
606,17
607,18
608,17
609,17
610,17
611,17
612,17
613,16
614,16
615,16
616,16
617,16
618,16
619,16
620,16
621,16
622,16
623,16
624,16
625,16
626,17
627,17
628,16
629,16
630,16
631,16
632,16
633,16
634,16
635,16
636,16
637,17
638,17
639,17
640,17
641,17
642,17
643,17
644,16
645,16
646,16
647,16
648,16
649,16
650,16
651,16
652,16
653,16
654,16
655,16
656,16
657,16
658,16
659,17
660,16
661,17
662,16
663,16
664,16
665,16
666,16
667,16
668,16
669,17
670,16
671,16
672,16
673,17
674,17
675,17
676,17
677,17
678,17
679,17
680,17
681,16
682,17
683,16
684,17
685,17
686,15
687,15
688,16
689,15
690,15
691,15
692,15
693,15
694,15
695,15
696,15
697,15
698,15
699,15
700,15
701,15
702,15
703,14
704,14
705,14
706,14
707,14
708,14
709,14
710,14
711,14
712,14
713,14
714,13
715,13
716,13
717,13
718,13
719,13
720,13
721,14
722,14
723,13
724,14
725,14
726,14
727,14
728,13
729,13
730,13
731,13
732,13
733,13
734,13
735,13
736,13
737,13
738,13
739,13
740,14
741,14
742,13
743,13
744,13
745,13
746,13
747,13
748,13
749,13
750,13
751,13
752,13
753,13
754,13
755,13
756,13
757,12
758,12
759,12
760,12
761,12
762,12
763,12
764,12
765,13
766,12
767,13
768,13
769,12
770,13
771,13
772,12
773,12
774,12
775,12
776,12
777,12
778,12
779,13
780,13
781,13
782,12
783,13
784,12
785,12
786,12
787,12
788,12
789,12
790,12
791,12
792,13
793,13
794,13
795,13
796,13
797,12
798,12
799,12
800,12
801,12
802,12
803,12
804,12
805,12
806,12
807,10
808,10
809,10
810,10
811,10
812,10
813,11
814,9
815,10
816,10
817,9
818,9
819,9
820,10
821,9
822,9
823,9
824,9
825,9
826,9
827,9
828,10
829,9
830,9
831,9
832,9
833,9
834,9
835,9
836,9
837,9
838,9
839,9
840,9
841,9
842,9
843,10
844,10
845,10
846,10
847,10
848,9
849,9
850,9
851,8
852,8
853,8
854,8
855,8
856,8
857,8
858,8
859,8
860,8
861,8
862,8
863,8
864,8
865,8
866,8
867,8
868,8
869,8
870,8
871,8
872,8
873,8
874,8
875,8
876,8
877,8
878,8
879,8
880,8
881,8
882,7
883,7
884,7
885,7
886,7
887,7
888,7
889,7
890,7
891,7
892,7
893,7
894,7
895,7
896,7
897,7
898,7
899,7
900,7
901,7
902,7
903,7
904,7
905,7
906,7
907,8
908,7
909,7
910,7
911,7
912,7
913,7
914,7
915,7
916,7
917,7
918,7
919,6
920,6
921,6
922,6
923,6
924,6
925,6
926,6
927,6
928,6
929,6
930,6
931,6
932,6
933,6
934,6
935,6
936,6
937,6
938,6
939,6
940,6
941,6
942,6
943,6
944,6
945,6
946,6
947,6
948,6
949,6
950,6
951,6
952,6
953,6
954,6
955,6
956,6
957,6
958,7
959,7
960,7
961,7
962,7
963,7
964,7
965,7
966,6
967,7
968,7
969,7
970,7
971,7
972,7
973,6
974,7
975,7
976,6
977,6
978,6
979,6
980,6
981,6
982,6
983,6
984,6
985,7
986,6
987,7
988,7
989,7
990,7
991,7
992,6
993,6
994,7
995,7
996,6
997,7
998,7
