frame_number,pt_detections,onnx_detections,difference,absolute_difference
1,6,6,0,0
2,6,6,0,0
3,6,6,0,0
4,6,6,0,0
5,6,6,0,0
6,6,6,0,0
7,6,6,0,0
8,6,6,0,0
9,6,6,0,0
10,6,6,0,0
11,6,6,0,0
12,6,6,0,0
13,6,6,0,0
14,6,6,0,0
15,6,6,0,0
16,6,6,0,0
17,7,7,0,0
18,7,7,0,0
19,7,7,0,0
20,7,7,0,0
21,7,7,0,0
22,7,7,0,0
23,7,7,0,0
24,7,7,0,0
25,7,7,0,0
26,7,7,0,0
27,7,7,0,0
28,6,6,0,0
29,7,7,0,0
30,7,7,0,0
31,6,6,0,0
32,6,6,0,0
33,6,6,0,0
34,6,6,0,0
35,7,7,0,0
36,7,7,0,0
37,7,7,0,0
38,7,7,0,0
39,7,7,0,0
40,7,7,0,0
41,7,7,0,0
42,7,7,0,0
43,7,7,0,0
44,7,7,0,0
45,7,7,0,0
46,7,7,0,0
47,7,7,0,0
48,7,7,0,0
49,7,7,0,0
50,7,7,0,0
51,7,7,0,0
52,7,7,0,0
53,7,7,0,0
54,7,7,0,0
55,7,7,0,0
56,7,7,0,0
57,7,7,0,0
58,7,7,0,0
59,7,7,0,0
60,7,7,0,0
61,7,7,0,0
62,7,7,0,0
63,7,7,0,0
64,7,7,0,0
65,8,8,0,0
66,8,8,0,0
67,9,9,0,0
68,9,9,0,0
69,9,9,0,0
70,9,9,0,0
71,9,9,0,0
72,9,9,0,0
73,9,9,0,0
74,9,9,0,0
75,9,9,0,0
76,9,9,0,0
77,9,9,0,0
78,9,9,0,0
79,9,9,0,0
80,9,9,0,0
81,9,9,0,0
82,9,9,0,0
83,9,9,0,0
84,9,9,0,0
85,9,9,0,0
86,9,9,0,0
87,9,9,0,0
88,9,9,0,0
89,9,9,0,0
90,9,9,0,0
91,9,9,0,0
92,9,9,0,0
93,9,9,0,0
94,9,9,0,0
95,9,9,0,0
96,9,9,0,0
97,9,9,0,0
98,9,9,0,0
99,9,9,0,0
100,9,9,0,0
101,9,9,0,0
102,9,9,0,0
103,9,9,0,0
104,8,9,1,1
105,8,8,0,0
106,8,9,1,1
107,10,10,0,0
108,10,10,0,0
109,11,11,0,0
110,10,10,0,0
111,10,10,0,0
112,10,10,0,0
113,10,10,0,0
114,10,10,0,0
115,10,10,0,0
116,10,10,0,0
117,10,10,0,0
118,10,10,0,0
119,10,10,0,0
120,10,10,0,0
121,11,11,0,0
122,10,11,1,1
123,11,11,0,0
124,11,11,0,0
125,10,10,0,0
126,11,12,1,1
127,10,10,0,0
128,10,10,0,0
129,10,10,0,0
130,10,10,0,0
131,10,10,0,0
132,10,10,0,0
133,10,10,0,0
134,10,10,0,0
135,10,10,0,0
136,10,10,0,0
137,11,11,0,0
138,11,11,0,0
139,10,10,0,0
140,10,10,0,0
141,10,10,0,0
142,10,10,0,0
143,11,11,0,0
144,11,11,0,0
145,10,10,0,0
146,10,10,0,0
147,11,11,0,0
148,10,10,0,0
149,10,10,0,0
150,10,10,0,0
151,10,10,0,0
152,10,10,0,0
153,10,10,0,0
154,10,10,0,0
155,10,10,0,0
156,10,10,0,0
157,10,12,2,2
158,11,12,1,1
159,11,12,1,1
160,10,12,2,2
161,11,12,1,1
162,11,12,1,1
163,11,11,0,0
164,11,11,0,0
165,11,11,0,0
166,11,11,0,0
167,11,11,0,0
168,11,11,0,0
169,11,11,0,0
170,11,11,0,0
171,11,12,1,1
172,12,12,0,0
173,10,12,2,2
174,11,12,1,1
175,12,12,0,0
176,12,12,0,0
177,12,12,0,0
178,12,12,0,0
179,12,12,0,0
180,11,13,2,2
181,13,13,0,0
182,12,12,0,0
183,10,11,1,1
184,11,12,1,1
185,12,13,1,1
186,12,12,0,0
187,12,12,0,0
188,13,13,0,0
189,13,14,1,1
190,13,13,0,0
191,13,13,0,0
192,13,13,0,0
193,13,13,0,0
194,12,13,1,1
195,12,14,2,2
196,13,13,0,0
197,13,14,1,1
198,13,14,1,1
199,13,14,1,1
200,13,13,0,0
201,13,13,0,0
202,14,14,0,0
203,14,15,1,1
204,14,16,2,2
205,14,14,0,0
206,14,15,1,1
207,12,13,1,1
208,12,12,0,0
209,13,13,0,0
210,13,13,0,0
211,13,14,1,1
212,13,13,0,0
213,13,13,0,0
214,13,14,1,1
215,13,14,1,1
216,13,14,1,1
217,13,13,0,0
218,13,15,2,2
219,15,15,0,0
220,15,15,0,0
221,16,15,-1,1
222,15,15,0,0
223,15,15,0,0
224,15,16,1,1
225,15,15,0,0
226,14,16,2,2
227,14,15,1,1
228,16,16,0,0
229,16,16,0,0
230,12,15,3,3
231,12,15,3,3
232,14,16,2,2
233,14,15,1,1
234,14,16,2,2
235,13,13,0,0
236,14,14,0,0
237,14,14,0,0
238,14,14,0,0
239,16,16,0,0
240,15,15,0,0
241,15,15,0,0
242,15,16,1,1
243,13,13,0,0
244,14,14,0,0
245,15,15,0,0
246,13,14,1,1
247,13,14,1,1
248,13,15,2,2
249,14,15,1,1
250,15,15,0,0
251,14,15,1,1
252,16,16,0,0
253,14,14,0,0
254,14,15,1,1
255,15,16,1,1
256,15,16,1,1
257,14,15,1,1
258,15,15,0,0
259,15,17,2,2
260,15,16,1,1
261,16,16,0,0
262,16,16,0,0
263,15,17,2,2
264,15,17,2,2
265,15,16,1,1
266,15,15,0,0
267,15,15,0,0
268,14,15,1,1
269,14,14,0,0
270,14,16,2,2
271,14,16,2,2
272,14,15,1,1
273,13,15,2,2
274,14,15,1,1
275,15,15,0,0
276,16,15,-1,1
277,16,17,1,1
278,16,15,-1,1
279,16,16,0,0
280,16,17,1,1
281,17,17,0,0
282,17,17,0,0
283,16,17,1,1
284,16,17,1,1
285,15,16,1,1
286,15,16,1,1
287,15,15,0,0
288,15,16,1,1
289,15,17,2,2
290,15,16,1,1
291,14,15,1,1
292,15,16,1,1
293,14,17,3,3
294,14,15,1,1
295,14,15,1,1
296,14,14,0,0
297,14,15,1,1
298,15,17,2,2
299,15,16,1,1
300,15,16,1,1
301,16,17,1,1
302,16,16,0,0
303,16,17,1,1
304,15,17,2,2
305,15,15,0,0
306,15,16,1,1
307,15,16,1,1
308,15,17,2,2
309,16,16,0,0
310,16,16,0,0
311,16,17,1,1
312,15,16,1,1
313,15,15,0,0
314,16,16,0,0
315,15,15,0,0
316,16,16,0,0
317,16,16,0,0
318,16,16,0,0
319,15,17,2,2
320,16,17,1,1
321,17,17,0,0
322,17,17,0,0
323,17,17,0,0
324,16,17,1,1
325,17,17,0,0
326,16,16,0,0
327,17,17,0,0
328,16,16,0,0
329,17,17,0,0
330,17,17,0,0
331,16,17,1,1
332,16,16,0,0
333,17,17,0,0
334,17,17,0,0
335,17,17,0,0
336,17,17,0,0
337,17,17,0,0
338,16,16,0,0
339,16,16,0,0
340,16,16,0,0
341,16,16,0,0
342,16,16,0,0
343,16,16,0,0
344,16,16,0,0
345,16,16,0,0
346,16,17,1,1
347,16,16,0,0
348,17,17,0,0
349,18,18,0,0
350,17,17,0,0
351,17,17,0,0
352,17,17,0,0
353,17,17,0,0
354,16,16,0,0
355,16,16,0,0
356,16,16,0,0
357,16,17,1,1
358,17,17,0,0
359,17,17,0,0
360,17,17,0,0
361,16,17,1,1
362,18,18,0,0
363,16,18,2,2
364,17,17,0,0
365,16,17,1,1
366,17,17,0,0
367,17,17,0,0
368,17,18,1,1
369,16,17,1,1
370,16,16,0,0
371,16,16,0,0
372,17,16,-1,1
373,18,17,-1,1
374,16,16,0,0
375,17,17,0,0
376,16,17,1,1
377,17,17,0,0
378,17,17,0,0
379,17,17,0,0
380,17,17,0,0
381,17,17,0,0
382,17,17,0,0
383,17,17,0,0
384,16,17,1,1
385,17,17,0,0
386,17,17,0,0
387,16,17,1,1
388,17,17,0,0
389,17,17,0,0
390,17,17,0,0
391,17,17,0,0
392,17,17,0,0
393,17,17,0,0
394,17,17,0,0
395,17,17,0,0
396,17,17,0,0
397,17,17,0,0
398,17,17,0,0
399,17,17,0,0
400,17,17,0,0
401,17,17,0,0
402,17,17,0,0
403,17,17,0,0
404,17,17,0,0
405,17,17,0,0
406,17,17,0,0
407,17,17,0,0
408,17,17,0,0
409,17,17,0,0
410,17,17,0,0
411,18,18,0,0
412,18,18,0,0
413,18,18,0,0
414,18,18,0,0
415,18,18,0,0
416,18,18,0,0
417,18,19,1,1
418,18,18,0,0
419,18,18,0,0
420,18,18,0,0
421,18,18,0,0
422,18,18,0,0
423,18,18,0,0
424,18,18,0,0
425,18,18,0,0
426,18,18,0,0
427,17,17,0,0
428,17,17,0,0
429,18,18,0,0
430,18,18,0,0
431,17,18,1,1
432,18,18,0,0
433,19,19,0,0
434,17,17,0,0
435,18,18,0,0
436,18,18,0,0
437,18,18,0,0
438,18,18,0,0
439,17,18,1,1
440,17,17,0,0
441,17,18,1,1
442,17,18,1,1
443,17,17,0,0
444,17,17,0,0
445,17,17,0,0
446,18,18,0,0
447,17,18,1,1
448,18,18,0,0
449,18,18,0,0
450,18,18,0,0
451,18,18,0,0
452,18,18,0,0
453,18,18,0,0
454,18,18,0,0
455,18,17,-1,1
456,18,18,0,0
457,17,17,0,0
458,18,18,0,0
459,18,18,0,0
460,18,18,0,0
461,18,18,0,0
462,19,19,0,0
463,17,17,0,0
464,17,17,0,0
465,17,17,0,0
466,17,17,0,0
467,17,17,0,0
468,17,17,0,0
469,17,17,0,0
470,18,18,0,0
471,18,18,0,0
472,17,17,0,0
473,18,18,0,0
474,18,18,0,0
475,18,18,0,0
476,18,18,0,0
477,18,18,0,0
478,18,18,0,0
479,17,17,0,0
480,18,18,0,0
481,17,17,0,0
482,17,17,0,0
483,17,17,0,0
484,17,17,0,0
485,17,17,0,0
486,18,18,0,0
487,16,16,0,0
488,16,16,0,0
489,16,16,0,0
490,16,16,0,0
491,16,16,0,0
492,16,16,0,0
493,16,16,0,0
494,16,17,1,1
495,16,16,0,0
496,16,16,0,0
497,16,16,0,0
498,16,16,0,0
499,16,16,0,0
500,16,17,1,1
501,17,17,0,0
502,17,17,0,0
503,18,18,0,0
504,17,17,0,0
505,17,17,0,0
506,17,17,0,0
507,17,17,0,0
508,17,17,0,0
509,17,17,0,0
510,17,17,0,0
511,17,17,0,0
512,17,17,0,0
513,17,17,0,0
514,17,17,0,0
515,17,17,0,0
516,17,17,0,0
517,17,17,0,0
518,17,17,0,0
519,17,17,0,0
520,17,17,0,0
521,17,17,0,0
522,17,17,0,0
523,17,17,0,0
524,17,17,0,0
525,17,17,0,0
526,17,17,0,0
527,17,17,0,0
528,17,17,0,0
529,16,17,1,1
530,17,17,0,0
531,17,17,0,0
532,17,17,0,0
533,17,17,0,0
534,17,17,0,0
535,16,16,0,0
536,16,16,0,0
537,16,16,0,0
538,17,17,0,0
539,17,17,0,0
540,17,17,0,0
541,17,17,0,0
542,17,17,0,0
543,17,17,0,0
544,17,17,0,0
545,17,17,0,0
546,16,17,1,1
547,16,16,0,0
548,16,16,0,0
549,16,17,1,1
550,16,17,1,1
551,16,16,0,0
552,16,17,1,1
553,17,17,0,0
554,17,17,0,0
555,17,17,0,0
556,17,17,0,0
557,17,17,0,0
558,17,17,0,0
559,17,17,0,0
560,17,17,0,0
561,17,17,0,0
562,17,17,0,0
563,16,17,1,1
564,16,17,1,1
565,17,17,0,0
566,17,17,0,0
567,17,17,0,0
568,17,17,0,0
569,17,17,0,0
570,17,17,0,0
571,17,17,0,0
572,17,17,0,0
573,17,17,0,0
574,17,17,0,0
575,17,17,0,0
576,17,17,0,0
577,17,17,0,0
578,17,17,0,0
579,17,18,1,1
580,18,18,0,0
581,17,17,0,0
582,17,17,0,0
583,17,17,0,0
584,17,17,0,0
585,17,17,0,0
586,17,17,0,0
587,17,17,0,0
588,17,17,0,0
589,17,17,0,0
590,17,17,0,0
591,17,17,0,0
592,17,17,0,0
593,17,17,0,0
594,17,17,0,0
595,17,17,0,0
596,17,17,0,0
597,17,17,0,0
598,17,17,0,0
599,17,17,0,0
600,17,17,0,0
601,17,17,0,0
602,17,17,0,0
603,17,17,0,0
604,17,17,0,0
605,17,17,0,0
606,17,17,0,0
607,17,18,1,1
608,17,17,0,0
609,17,17,0,0
610,17,17,0,0
611,17,17,0,0
612,17,17,0,0
613,16,16,0,0
614,16,16,0,0
615,16,16,0,0
616,16,16,0,0
617,16,16,0,0
618,16,16,0,0
619,16,16,0,0
620,16,16,0,0
621,16,16,0,0
622,16,16,0,0
623,16,16,0,0
624,16,16,0,0
625,16,16,0,0
626,17,17,0,0
627,17,17,0,0
628,16,16,0,0
629,16,16,0,0
630,16,16,0,0
631,16,16,0,0
632,16,16,0,0
633,16,16,0,0
634,16,16,0,0
635,16,16,0,0
636,16,16,0,0
637,17,17,0,0
638,17,17,0,0
639,17,17,0,0
640,16,17,1,1
641,17,17,0,0
642,17,17,0,0
643,16,17,1,1
644,16,16,0,0
645,16,16,0,0
646,16,16,0,0
647,16,16,0,0
648,16,16,0,0
649,16,16,0,0
650,16,16,0,0
651,16,16,0,0
652,16,16,0,0
653,16,16,0,0
654,16,16,0,0
655,16,16,0,0
656,16,16,0,0
657,16,16,0,0
658,16,16,0,0
659,16,17,1,1
660,16,16,0,0
661,17,17,0,0
662,16,16,0,0
663,16,16,0,0
664,16,16,0,0
665,16,16,0,0
666,16,16,0,0
667,16,16,0,0
668,16,16,0,0
669,17,17,0,0
670,17,16,-1,1
671,16,16,0,0
672,16,16,0,0
673,17,17,0,0
674,17,17,0,0
675,17,17,0,0
676,17,17,0,0
677,17,17,0,0
678,17,17,0,0
679,17,17,0,0
680,17,17,0,0
681,16,16,0,0
682,17,17,0,0
683,16,16,0,0
684,16,17,1,1
685,17,17,0,0
686,15,15,0,0
687,15,15,0,0
688,16,16,0,0
689,15,15,0,0
690,15,15,0,0
691,15,15,0,0
692,15,15,0,0
693,15,15,0,0
694,15,15,0,0
695,15,15,0,0
696,15,15,0,0
697,15,15,0,0
698,15,15,0,0
699,15,15,0,0
700,15,15,0,0
701,15,15,0,0
702,14,15,1,1
703,14,14,0,0
704,14,14,0,0
705,14,14,0,0
706,14,14,0,0
707,14,14,0,0
708,14,14,0,0
709,14,14,0,0
710,14,14,0,0
711,14,14,0,0
712,14,14,0,0
713,14,14,0,0
714,13,13,0,0
715,13,13,0,0
716,13,13,0,0
717,13,13,0,0
718,13,13,0,0
719,13,13,0,0
720,13,13,0,0
721,14,14,0,0
722,14,14,0,0
723,14,13,-1,1
724,14,14,0,0
725,14,14,0,0
726,14,14,0,0
727,14,14,0,0
728,13,13,0,0
729,13,13,0,0
730,13,13,0,0
731,13,13,0,0
732,13,13,0,0
733,13,13,0,0
734,13,13,0,0
735,13,13,0,0
736,13,13,0,0
737,13,13,0,0
738,13,13,0,0
739,13,13,0,0
740,14,14,0,0
741,14,14,0,0
742,13,13,0,0
743,13,13,0,0
744,13,13,0,0
745,13,13,0,0
746,13,13,0,0
747,13,13,0,0
748,13,13,0,0
749,13,13,0,0
750,13,13,0,0
751,13,13,0,0
752,13,13,0,0
753,13,13,0,0
754,13,13,0,0
755,13,13,0,0
756,13,13,0,0
757,12,12,0,0
758,12,12,0,0
759,12,12,0,0
760,12,12,0,0
761,12,12,0,0
762,12,12,0,0
763,12,12,0,0
764,12,12,0,0
765,13,13,0,0
766,12,12,0,0
767,13,13,0,0
768,13,13,0,0
769,12,12,0,0
770,13,13,0,0
771,12,13,1,1
772,12,12,0,0
773,12,12,0,0
774,12,12,0,0
775,12,12,0,0
776,12,12,0,0
777,12,12,0,0
778,11,12,1,1
779,13,13,0,0
780,12,13,1,1
781,13,13,0,0
782,12,12,0,0
783,12,13,1,1
784,12,12,0,0
785,12,12,0,0
786,12,12,0,0
787,12,12,0,0
788,12,12,0,0
789,12,12,0,0
790,12,12,0,0
791,12,12,0,0
792,13,13,0,0
793,13,13,0,0
794,13,13,0,0
795,13,13,0,0
796,12,13,1,1
797,12,12,0,0
798,12,12,0,0
799,12,12,0,0
800,12,12,0,0
801,12,12,0,0
802,12,12,0,0
803,12,12,0,0
804,12,12,0,0
805,12,12,0,0
806,11,12,1,1
807,10,10,0,0
808,10,10,0,0
809,10,10,0,0
810,10,10,0,0
811,10,10,0,0
812,10,10,0,0
813,10,11,1,1
814,9,9,0,0
815,10,10,0,0
816,10,10,0,0
817,9,9,0,0
818,9,9,0,0
819,9,9,0,0
820,10,10,0,0
821,9,9,0,0
822,9,9,0,0
823,9,9,0,0
824,9,9,0,0
825,8,9,1,1
826,9,9,0,0
827,9,9,0,0
828,10,10,0,0
829,9,9,0,0
830,9,9,0,0
831,9,9,0,0
832,9,9,0,0
833,9,9,0,0
834,9,9,0,0
835,9,9,0,0
836,9,9,0,0
837,9,9,0,0
838,9,9,0,0
839,9,9,0,0
840,9,9,0,0
841,9,9,0,0
842,9,9,0,0
843,10,10,0,0
844,10,10,0,0
845,10,10,0,0
846,9,10,1,1
847,10,10,0,0
848,9,9,0,0
849,9,9,0,0
850,9,9,0,0
851,8,8,0,0
852,8,8,0,0
853,8,8,0,0
854,8,8,0,0
855,8,8,0,0
856,8,8,0,0
857,8,8,0,0
858,8,8,0,0
859,8,8,0,0
860,8,8,0,0
861,8,8,0,0
862,8,8,0,0
863,8,8,0,0
864,8,8,0,0
865,8,8,0,0
866,8,8,0,0
867,8,8,0,0
868,8,8,0,0
869,8,8,0,0
870,8,8,0,0
871,8,8,0,0
872,8,8,0,0
873,8,8,0,0
874,8,8,0,0
875,8,8,0,0
876,8,8,0,0
877,8,8,0,0
878,8,8,0,0
879,8,8,0,0
880,8,8,0,0
881,8,8,0,0
882,7,7,0,0
883,7,7,0,0
884,7,7,0,0
885,7,7,0,0
886,7,7,0,0
887,7,7,0,0
888,7,7,0,0
889,7,7,0,0
890,7,7,0,0
891,7,7,0,0
892,7,7,0,0
893,7,7,0,0
894,7,7,0,0
895,7,7,0,0
896,7,7,0,0
897,7,7,0,0
898,7,7,0,0
899,7,7,0,0
900,7,7,0,0
901,7,7,0,0
902,7,7,0,0
903,7,7,0,0
904,7,7,0,0
905,7,7,0,0
906,7,7,0,0
907,8,8,0,0
908,7,7,0,0
909,7,7,0,0
910,7,7,0,0
911,7,7,0,0
912,7,7,0,0
913,7,7,0,0
914,7,7,0,0
915,7,7,0,0
916,7,7,0,0
917,7,7,0,0
918,7,7,0,0
919,6,6,0,0
920,6,6,0,0
921,6,6,0,0
922,6,6,0,0
923,6,6,0,0
924,6,6,0,0
925,6,6,0,0
926,6,6,0,0
927,6,6,0,0
928,6,6,0,0
929,6,6,0,0
930,6,6,0,0
931,6,6,0,0
932,6,6,0,0
933,6,6,0,0
934,6,6,0,0
935,6,6,0,0
936,6,6,0,0
937,6,6,0,0
938,6,6,0,0
939,6,6,0,0
940,6,6,0,0
941,6,6,0,0
942,6,6,0,0
943,6,6,0,0
944,6,6,0,0
945,6,6,0,0
946,6,6,0,0
947,6,6,0,0
948,6,6,0,0
949,6,6,0,0
950,6,6,0,0
951,6,6,0,0
952,6,6,0,0
953,6,6,0,0
954,6,6,0,0
955,6,6,0,0
956,6,6,0,0
957,6,6,0,0
958,6,7,1,1
959,6,7,1,1
960,6,7,1,1
961,6,7,1,1
962,7,7,0,0
963,7,7,0,0
964,7,7,0,0
965,7,7,0,0
966,6,6,0,0
967,7,7,0,0
968,7,7,0,0
969,7,7,0,0
970,7,7,0,0
971,7,7,0,0
972,7,7,0,0
973,6,6,0,0
974,7,7,0,0
975,7,7,0,0
976,6,6,0,0
977,6,6,0,0
978,6,6,0,0
979,6,6,0,0
980,6,6,0,0
981,6,6,0,0
982,6,6,0,0
983,6,6,0,0
984,6,6,0,0
985,7,7,0,0
986,6,6,0,0
987,7,7,0,0
988,7,7,0,0
989,7,7,0,0
990,7,7,0,0
991,7,7,0,0
992,6,6,0,0
993,6,6,0,0
994,7,7,0,0
995,7,7,0,0
996,6,6,0,0
997,7,7,0,0
998,7,7,0,0
